{
  "means": {
    "PS": 96717.71595221596,
    "ZL": 23803.14250332468,
    "Q": 0.0009844099594355632,
    "QCTOT": 4.816601109400361e-06,
    "T": 241.11256197142708,
    "U": 19.591785364792464,
    "V": -0.8751860774640653,
    "CO": -16.994961428437243,
    "HCHO": -23.583642451353274,
    "NO": -27.75712852516684,
    "NO2": -22.952684973448036,
    "O3": -14.583609329161346,
    "SO2": -24.376808876061226,
    "EMIS_SO2": -27.968644426184106,
    "EMIS_NO": -26.50711732171475,
    "EMIS_HCHO": -31.83692990090388,
    "EMIS_CO": -26.15962235738596,
    "CLDTT": 0.6577625733083514,
    "logP": 8.00292394251713,
    "SZA": 105.75814050038647
  },
  "stds": {
    "PS": 6890.472471910194,
    "ZL": 21969.429423541354,
    "Q": 0.002200308628618052,
    "QCTOT": 2.5267797783547263e-05,
    "T": 24.45082723633798,
    "U": 24.012594873479305,
    "V": 12.937716979102941,
    "CO": 0.8291346899475122,
    "HCHO": 1.1595632669077711,
    "NO": 5.893545697161042,
    "NO2": 2.9956046519026667,
    "O3": 2.177672062585933,
    "SO2": 1.4272625330915847,
    "EMIS_SO2": 2.1669700000913954,
    "EMIS_NO": 1.8081981196193304,
    "EMIS_HCHO": 2.5040159669001962,
    "EMIS_CO": 2.793845693226151,
    "CLDTT": 0.40231303894396164,
    "logP": 3.3485664587323654,
    "SZA": 34.50977334892118
  },
  "log_features": [
    "CO",
    "HCHO",
    "NO",
    "NO2",
    "O3",
    "SO2",
    "EMIS_CO",
    "EMIS_HCHO",
    "EMIS_NO",
    "EMIS_SO2"
  ],
  "tendency_means": {
    "CO_tend": 1.0689066593940004e-12,
    "HCHO_tend": 2.3765829411605367e-14,
    "NO_tend": 4.304999996919133e-13,
    "NO2_tend": 2.476171692744022e-13,
    "O3_tend": -4.934011347092461e-11,
    "SO2_tend": -9.719179259240664e-15
  },
  "tendency_stds": {
    "CO_tend": 3.1172641544119396e-09,
    "HCHO_tend": 2.758451486538445e-11,
    "NO_tend": 9.008727670098747e-10,
    "NO2_tend": 8.890208587274663e-10,
    "O3_tend": 6.201209898568078e-07,
    "SO2_tend": 6.143015382420038e-11
  }
}